CHROM,POS,ID,REF,ALT_1,ALT_2,ALT_3,QUAL,FILTER_PASS,ANN_Allele,ANN_Annotation,ANN_Annotation_Impact,ANN_Gene_Name,ANN_Gene_ID,ANN_Feature_Type,ANN_Feature_ID,ANN_Transcript_BioType,ANN_Rank,ANN_HGVS_c,ANN_HGVS_p,ANN_cDNA_pos,ANN_cDNA_length,ANN_CDS_pos,ANN_CDS_length,ANN_AA_pos,ANN_AA_length,ANN_Distance
chr1,10324653,.,CTT,C,,,,True,C,intron_variant,MODIFIER,KIF1B,ENSG00000054523,transcript,ENST00000377081.5,protein_coding,24,2538-93_2538-92delTT,,-1,-1,-1,-1,-1,-1,-1
chr1,12828529,.,C,A,,,,True,A,synonymous_variant,LOW,PRAMEF11,ENSG00000239810,transcript,ENST00000619922.1,protein_coding,2,261G>T,Leu87Leu,332,1845,261,1437,87,478,-1
chr1,12847959,.,A,C,,,,True,C,missense_variant,MODERATE,HNRNPCL1,ENSG00000179172,transcript,ENST00000317869.6,protein_coding,2,331T>G,Leu111Val,557,1108,331,882,111,293,-1
chr1,15567307,.,A,T,,,,True,T,upstream_gene_variant,MODIFIER,DNAJC16,ENSG00000116138,transcript,ENST00000495523.1,processed_transcript,-1,-852A>T,,-1,-1,-1,-1,-1,-1,852
chr1,16057079,.,A,T,,,,True,T,3_prime_UTR_variant,MODIFIER,CLCNKB,ENSG00000184908,transcript,ENST00000375679.8,protein_coding,20,*163A>T,,-1,-1,-1,-1,-1,-1,163
chr1,16623766,.,G,C,,,,True,C,downstream_gene_variant,MODIFIER,CROCCP2,ENSG00000215908,transcript,ENST00000635081.1,processed_transcript,-1,*1609C>G,,-1,-1,-1,-1,-1,-1,1609
chr1,16632466,.,C,G,,,,True,G,intron_variant,MODIFIER,CROCCP2,ENSG00000215908,transcript,ENST00000362058.2,retained_intron,3,409-95G>C,,-1,-1,-1,-1,-1,-1,-1
chr1,110050399,.,C,T,,,,True,T,missense_variant,MODERATE,STRIP1,ENSG00000143093,transcript,ENST00000369795.7,protein_coding,18,1946C>T,Ala649Val,1968,3265,1946,2514,649,837,-1
chr1,119734896,.,GGCTGGTGTTTT,G,,,,True,G,upstream_gene_variant,MODIFIER,PHGDH,ENSG00000092621,transcript,ENST00000482968.1,processed_transcript,-1,-4565_-4555delGCTGGTGTTTT,,-1,-1,-1,-1,-1,-1,4565
chr1,148560207,.,C,G,,,,True,G,intron_variant,MODIFIER,NBPF14,ENSG00000270629,transcript,ENST00000619423.4,protein_coding,36,4557-242G>C,,-1,-1,-1,-1,-1,-1,-1
chr1,152353057,.,T,A,,,,True,A,missense_variant,MODERATE,FLG2,ENSG00000143520,transcript,ENST00000388718.5,protein_coding,3,4729A>T,Ser1577Cys,4802,9124,4729,7176,1577,2391,-1
chr1,153261039,.,C,T,,,,True,T,synonymous_variant,LOW,LOR,ENSG00000203782,transcript,ENST00000368742.3,protein_coding,2,90C>T,Gly30Gly,147,1230,90,939,30,312,-1
chr1,153374005,.,C,T,,,,True,T,intron_variant,MODIFIER,S100A12,ENSG00000163221,transcript,ENST00000368737.4,protein_coding,2,139-38G>A,,-1,-1,-1,-1,-1,-1,-1
chr1,155709752,.,CTT,C,CT,CTTT,,True,C,splice_region_variant&intron_variant,LOW,DAP3,ENSG00000132676,transcript,ENST00000343043.7,protein_coding,1,-7-9_-7-8delTT,,-1,-1,-1,-1,-1,-1,-1
chr1,158636756,.,T,G,,,,True,G,missense_variant,MODERATE,SPTA1,ENSG00000163554,transcript,ENST00000368147.8,protein_coding,37,5195A>C,Lys1732Thr,5376,7999,5195,7260,1732,2419,-1
chr1,159890464,.,G,T,,,,True,T,intron_variant,MODIFIER,CFAP45,ENSG00000213085,transcript,ENST00000368099.8,protein_coding,3,272+16C>A,,-1,-1,-1,-1,-1,-1,-1
chr1,173825485,.,T,TATTATTATTA,,,,True,TATTATTATTA,upstream_gene_variant,MODIFIER,CENPL,ENSG00000120334,transcript,ENST00000356198.6,protein_coding,-1,-14187_-14186insTAATAATAAT,,-1,-1,-1,-1,-1,-1,1164
chr1,173825487,.,G,T,,,,True,T,upstream_gene_variant,MODIFIER,CENPL,ENSG00000120334,transcript,ENST00000356198.6,protein_coding,-1,-14188C>A,,-1,-1,-1,-1,-1,-1,1165
chr1,183207835,.,GTT,G,GT,GTTT,,True,G,intron_variant,MODIFIER,LAMC2,ENSG00000058085,transcript,ENST00000264144.4,protein_coding,1,80-32_80-31delTT,,-1,-1,-1,-1,-1,-1,-1
chr1,193070528,.,CTT,C,,,,True,C,downstream_gene_variant,MODIFIER,TROVE2,ENSG00000116747,transcript,ENST00000506303.1,protein_coding,-1,*1350_*1351delTT,,-1,-1,-1,-1,-1,-1,1350
chr1,204455917,.,C,T,,,,True,T,missense_variant,MODERATE,PIK3C2B,ENSG00000133056,transcript,ENST00000367187.7,protein_coding,12,1882G>A,Ala628Thr,2439,7686,1882,4905,628,1634,-1
chr1,212791605,.,G,A,,,,True,A,synonymous_variant,LOW,NSL1,ENSG00000117697,transcript,ENST00000366977.7,protein_coding,1,159C>T,Cys53Cys,178,2317,159,846,53,281,-1
chr1,220429946,.,AGTGT,A,,,,True,A,intergenic_region,MODIFIER,RP11-410C4.5-RP11-410C4.1,ENSG00000260505-ENSG00000235163,intergenic_region,ENSG00000260505-ENSG00000235163,,-1,220429947_220429950delGTGT,,-1,-1,-1,-1,-1,-1,-1
chr1,228650603,.,A,G,,,,True,G,upstream_gene_variant,MODIFIER,RNA5S17,ENSG00000200370,transcript,ENST00000363500.1,rRNA,-1,-4445T>C,,-1,-1,-1,-1,-1,-1,4445
chr1,248348877,.,G,T,,,,True,T,missense_variant,MODERATE,OR14C36,ENSG00000177174,transcript,ENST00000317861.1,protein_coding,1,103G>T,Val35Leu,103,939,103,939,35,312,-1
chr2,27861500,.,C,T,,,,True,T,3_prime_UTR_variant,MODIFIER,RBKS,ENSG00000171174,transcript,ENST00000453412.1,nonsense_mediated_decay,2,*25G>A,,-1,-1,-1,-1,-1,-1,25
chr2,47690961,.,C,T,,,,True,T,upstream_gene_variant,MODIFIER,MSH6,ENSG00000116062,transcript,ENST00000607272.2,processed_transcript,-1,-4569C>T,,-1,-1,-1,-1,-1,-1,4569
chr2,70979103,.,C,T,,,,True,T,synonymous_variant,LOW,ANKRD53,ENSG00000144031,transcript,ENST00000272421.10,protein_coding,2,177C>T,Pro59Pro,443,2185,177,1032,59,343,-1
chr2,71556028,.,T,A,,,,True,A,missense_variant,MODERATE,DYSF,ENSG00000135636,transcript,ENST00000410020.7,protein_coding,22,2173T>A,Ser725Thr,2314,6657,2173,6360,725,2119,-1
chr2,71679130,.,GGAT,G,,,,True,G,disruptive_inframe_deletion,MODERATE,DYSF,ENSG00000135636,transcript,ENST00000410020.7,protein_coding,53,5963_5965delATG,Asp1988del,6104,6657,5963,6360,1988,2119,-1
chr2,84814192,.,T,C,,,,True,C,intron_variant,MODIFIER,DNAH6,ENSG00000115423,transcript,ENST00000237449.10,protein_coding,74,12150+70T>C,,-1,-1,-1,-1,-1,-1,-1
chr2,88771862,.,T,G,,,,True,G,intron_variant,MODIFIER,ANKRD36BP2,ENSG00000230006,transcript,ENST00000622311.4,processed_transcript,1,330-1111T>G,,-1,-1,-1,-1,-1,-1,-1
chr2,117944188,.,C,T,,,,True,T,upstream_gene_variant,MODIFIER,CCDC93,ENSG00000125633,transcript,ENST00000466171.1,retained_intron,-1,-108G>A,,-1,-1,-1,-1,-1,-1,108
chr2,124417644,.,C,T,,,,True,T,intron_variant,MODIFIER,CNTNAP5,ENSG00000155052,transcript,ENST00000431078.1,protein_coding,4,529+54C>T,,-1,-1,-1,-1,-1,-1,-1
chr2,127064015,.,C,T,,,,True,T,missense_variant,MODERATE,BIN1,ENSG00000136717,transcript,ENST00000316724.9,protein_coding,8,616G>A,Glu206Lys,1028,2693,616,1782,206,593,-1
chr2,130500615,.,C,T,,,,True,T,missense_variant,MODERATE,POTEI,ENSG00000196834,transcript,ENST00000451531.6,protein_coding,4,838G>A,Val280Ile,1269,7020,838,3228,280,1075,-1
chr2,130611658,.,C,T,,,,True,T,synonymous_variant,LOW,POTEJ,ENSG00000222038,transcript,ENST00000409602.1,protein_coding,1,126C>T,Asn42Asn,178,3383,126,3117,42,1038,-1
chr2,151282757,.,C,T,,,,True,T,downstream_gene_variant,MODIFIER,NMI,ENSG00000123609,transcript,ENST00000477072.1,retained_intron,-1,*14G>A,,-1,-1,-1,-1,-1,-1,14
chr2,187002613,.,G,A,,,,True,A,upstream_gene_variant,MODIFIER,AC007319.1,ENSG00000224063,transcript,ENST00000453517.5,antisense,-1,-607G>A,,-1,-1,-1,-1,-1,-1,607
chr2,203049838,.,A,G,,,,True,G,missense_variant,MODERATE,NBEAL1,ENSG00000144426,transcript,ENST00000449802.5,protein_coding,4,168A>G,Ile56Met,501,10938,168,8085,56,2694,-1
chr2,215414856,.,T,C,,,,True,C,missense_variant,MODERATE,FN1,ENSG00000115414,transcript,ENST00000354785.8,protein_coding,13,1922A>G,Tyr641Cys,2292,8905,1922,7434,641,2477,-1
chr2,219484306,.,G,A,,,,True,A,synonymous_variant,LOW,SPEG,ENSG00000072195,transcript,ENST00000312358.11,protein_coding,30,6843G>A,Arg2281Arg,6975,10782,6843,9804,2281,3267,-1
chr2,232447188,.,G,T,,,,True,T,intron_variant,MODIFIER,DIS3L2P1,ENSG00000223788,transcript,ENST00000509197.1,unprocessed_pseudogene,4,403-74G>T,,-1,-1,-1,-1,-1,-1,-1
chr3,3095527,.,C,G,,,,True,G,downstream_gene_variant,MODIFIER,IL5RA,ENSG00000091181,transcript,ENST00000445701.5,protein_coding,-1,*2463G>C,,-1,-1,-1,-1,-1,-1,2463
chr3,31452976,.,G,A,,,,True,A,non_coding_transcript_exon_variant,MODIFIER,THRAP3P1,ENSG00000227339,transcript,ENST00000411753.1,processed_pseudogene,1,145G>A,,-1,-1,-1,-1,-1,-1,-1
chr3,38216076,.,CTTTT,C,CTTTTT,,,True,C,splice_region_variant&intron_variant,LOW,OXSR1,ENSG00000172939,transcript,ENST00000311806.7,protein_coding,4,435-8_435-5delTTTT,,-1,-1,-1,-1,-1,-1,-1
chr3,44580484,.,GCT,G,,,,True,G,upstream_gene_variant,MODIFIER,ZNF660,ENSG00000144792,transcript,ENST00000322734.2,protein_coding,-1,-13709_-13708delCT,,-1,-1,-1,-1,-1,-1,4479
chr3,44580487,.,GC,G,,,,True,G,upstream_gene_variant,MODIFIER,ZNF660,ENSG00000144792,transcript,ENST00000322734.2,protein_coding,-1,-13706delC,,-1,-1,-1,-1,-1,-1,4476
chr3,46441537,.,T,A,,,,True,A,intron_variant,MODIFIER,LTF,ENSG00000012223,transcript,ENST00000231751.8,protein_coding,13,1656-54A>T,,-1,-1,-1,-1,-1,-1,-1
chr3,49419505,.,T,G,,,,True,G,upstream_gene_variant,MODIFIER,AMT,ENSG00000145020,transcript,ENST00000636594.1,retained_intron,-1,-1133A>C,,-1,-1,-1,-1,-1,-1,1133
chr3,57860849,.,TC,T,,,,True,T,upstream_gene_variant,MODIFIER,SLMAP,ENSG00000163681,transcript,ENST00000416658.5,protein_coding,-1,-3737delC,,-1,-1,-1,-1,-1,-1,3736
chr3,75580406,.,T,G,,,,True,G,upstream_gene_variant,MODIFIER,CTD-2026G6.3,ENSG00000272710,transcript,ENST00000608389.1,lincRNA,-1,-407A>C,,-1,-1,-1,-1,-1,-1,407
chr3,87052747,.,C,T,,,,True,T,upstream_gene_variant,MODIFIER,PPATP1,ENSG00000241293,transcript,ENST00000496669.1,processed_pseudogene,-1,-9G>A,,-1,-1,-1,-1,-1,-1,9
chr4,5140251,.,A,T,,,,True,T,3_prime_UTR_variant,MODIFIER,STK32B,ENSG00000152953,transcript,ENST00000512018.5,nonsense_mediated_decay,3,*7A>T,,-1,-1,-1,-1,-1,-1,7
chr4,8601377,.,C,T,,,,True,T,missense_variant,MODERATE,CPZ,ENSG00000109625,transcript,ENST00000360986.8,protein_coding,3,376C>T,Arg126Trp,550,2267,376,1959,126,652,-1
chr4,25402931,.,C,T,,,,True,T,upstream_gene_variant,MODIFIER,ANAPC4,ENSG00000053900,transcript,ENST00000504256.5,retained_intron,-1,-2670C>T,,-1,-1,-1,-1,-1,-1,2670
chr4,47161217,.,CTT,C,CT,,,True,C,intron_variant,MODIFIER,GABRB1,ENSG00000163288,transcript,ENST00000295454.7,protein_coding,3,241-20_241-19delTT,,-1,-1,-1,-1,-1,-1,-1
chr4,52744787,.,C,T,,,,True,T,missense_variant,MODERATE,ERVMER34-1,ENSG00000226887,transcript,ENST00000440542.1,protein_coding,4,734G>A,Arg245His,1474,2744,734,1692,245,563,-1
chr4,55090011,.,T,G,,,,True,G,structural_interaction_variant,HIGH,KDR,ENSG00000128052,interaction,2P2I:A_868-A_1046:ENST00000263923,protein_coding,23,3137A>C,,-1,-1,-1,-1,-1,-1,-1
chr4,135371816,.,C,A,,,,True,A,non_coding_transcript_exon_variant,MODIFIER,KRT18P54,ENSG00000250834,transcript,ENST00000513396.1,processed_pseudogene,1,109G>T,,-1,-1,-1,-1,-1,-1,-1
chr4,140563217,.,GAA,G,GA,GAAA,,True,G,splice_region_variant&intron_variant,LOW,UCP1,ENSG00000109424,transcript,ENST00000262999.3,protein_coding,3,527-8_527-7delTT,,-1,-1,-1,-1,-1,-1,-1
chr4,165550454,.,T,C,,,,True,C,non_coding_transcript_exon_variant,MODIFIER,NOL8P1,ENSG00000248327,transcript,ENST00000508336.1,processed_pseudogene,1,607A>G,,-1,-1,-1,-1,-1,-1,-1
chr4,168682929,.,TAA,T,TAAA,,,True,T,downstream_gene_variant,MODIFIER,RNU6-1336P,ENSG00000206613,transcript,ENST00000383886.1,snRNA,-1,*3677_*3678delTT,,-1,-1,-1,-1,-1,-1,3678
chr5,732767,.,C,T,,,,True,T,upstream_gene_variant,MODIFIER,ZDHHC11B,ENSG00000206077,transcript,ENST00000522356.1,processed_transcript,-1,-96G>A,,-1,-1,-1,-1,-1,-1,96
chr5,13708475,.,A,AT,,,,True,AT,intron_variant,MODIFIER,DNAH5,ENSG00000039139,transcript,ENST00000265104.4,protein_coding,75,13126-141_13126-140insA,,-1,-1,-1,-1,-1,-1,-1
chr5,13708476,.,G,A,,,,True,A,intron_variant,MODIFIER,DNAH5,ENSG00000039139,transcript,ENST00000265104.4,protein_coding,75,13126-141C>T,,-1,-1,-1,-1,-1,-1,-1
chr5,26903682,.,G,A,,,,True,A,synonymous_variant,LOW,CDH9,ENSG00000113100,transcript,ENST00000231021.8,protein_coding,6,954C>T,Val318Val,1127,3079,954,2370,318,789,-1
chr5,34840691,.,G,A,,,,True,A,missense_variant,MODERATE,TTC23L,ENSG00000205838,transcript,ENST00000505624.5,protein_coding,2,20G>A,Arg7His,123,1353,20,1086,7,361,-1
chr5,43609380,.,C,A,,,,True,A,upstream_gene_variant,MODIFIER,NNT,ENSG00000112992,transcript,ENST00000515208.1,protein_coding,-1,-6480C>A,,-1,-1,-1,-1,-1,-1,3711
chr5,50750132,.,TG,T,,,,True,T,intron_variant,MODIFIER,PARP8,ENSG00000151883,transcript,ENST00000281631.9,protein_coding,2,147-18delG,,-1,-1,-1,-1,-1,-1,-1
chr5,70489854,.,C,G,,,,True,G,intergenic_region,MODIFIER,RP11-497H16.7-RP11-497H16.8,ENSG00000250687-ENSG00000253333,intergenic_region,ENSG00000250687-ENSG00000253333,,-1,70489854C>G,,-1,-1,-1,-1,-1,-1,-1
chr5,80440013,.,C,T,,,,True,T,synonymous_variant,LOW,ZFYVE16,ENSG00000039319,transcript,ENST00000338008.9,protein_coding,4,2400C>T,Cys800Cys,2580,6773,2400,4620,800,1539,-1
chr5,89120438,.,AACAC,A,,,,True,A,intron_variant,MODIFIER,MEF2C-AS1,ENSG00000248309,transcript,ENST00000514092.5,antisense,4,244+25422_244+25425delACAC,,-1,-1,-1,-1,-1,-1,-1
chr5,113082947,.,T,A,,,,True,A,missense_variant,MODERATE,MCC,ENSG00000171444,transcript,ENST00000302475.8,protein_coding,9,1127A>T,Glu376Val,1691,8257,1127,2490,376,829,-1
chr5,121616481,.,C,T,,,,True,T,non_coding_transcript_exon_variant,MODIFIER,RP11-510I6.2,ENSG00000213661,transcript,ENST00000466718.1,processed_pseudogene,1,235C>T,,-1,-1,-1,-1,-1,-1,-1
chr5,153705829,.,T,G,,,,True,G,missense_variant,MODERATE,GRIA1,ENSG00000155511,transcript,ENST00000285900.9,protein_coding,11,1585T>G,Phe529Val,1928,5708,1585,2721,529,906,-1
chr5,155015167,.,G,C,,,,True,C,missense_variant,MODERATE,KIF4B,ENSG00000226650,transcript,ENST00000435029.5,protein_coding,1,1308G>C,Glu436Asp,1413,4378,1308,3705,436,1234,-1
chr5,156759333,.,C,A,,,,True,A,missense_variant,MODERATE,SGCD,ENSG00000170624,transcript,ENST00000337851.8,protein_coding,9,816C>A,Phe272Leu,1335,1606,816,873,272,290,-1
chr5,177609150,.,C,G,,,,True,G,upstream_gene_variant,MODIFIER,RP11-1277A3.1,ENSG00000247679,transcript,ENST00000499900.2,antisense,-1,-2103C>G,,-1,-1,-1,-1,-1,-1,2103
chr6,46882027,.,G,T,,,,True,T,downstream_gene_variant,MODIFIER,ADGRF5,ENSG00000069122,transcript,ENST00000478711.1,processed_transcript,-1,*4572C>A,,-1,-1,-1,-1,-1,-1,4572
chr6,55759144,.,C,A,,,,True,A,intron_variant,MODIFIER,BMP5,ENSG00000112175,transcript,ENST00000370830.3,protein_coding,5,1105-29G>T,,-1,-1,-1,-1,-1,-1,-1
chr6,109442284,.,C,T,,,,True,T,synonymous_variant,LOW,SMPD2,ENSG00000135587,transcript,ENST00000258052.7,protein_coding,5,393C>T,Asn131Asn,752,1645,393,1272,131,423,-1
chr6,109497358,.,A,ACTCTCT,,,,True,ACTCTCT,intron_variant,MODIFIER,AK9,ENSG00000155085,transcript,ENST00000490722.1,protein_coding,4,515+106_515+107insAGAGAG,,-1,-1,-1,-1,-1,-1,-1
chr6,123269993,.,T,A,,,,True,A,intron_variant,MODIFIER,TRDN,ENSG00000186439,transcript,ENST00000334268.8,protein_coding,30,1721-127A>T,,-1,-1,-1,-1,-1,-1,-1
chr6,126643796,.,C,T,,,,True,T,non_coding_transcript_exon_variant,MODIFIER,PRELID1P1,ENSG00000217325,transcript,ENST00000567272.1,processed_transcript,1,309C>T,,-1,-1,-1,-1,-1,-1,-1
chr6,136525978,.,GTT,G,,,,True,G,splice_region_variant&intron_variant,LOW,MAP7,ENSG00000135525,transcript,ENST00000454590.5,protein_coding,1,-7-9_-7-8delAA,,-1,-1,-1,-1,-1,-1,-1
chr6,146803070,.,A,G,,,,True,G,downstream_gene_variant,MODIFIER,ADGB,ENSG00000118492,transcript,ENST00000326916.12,protein_coding,-1,*1816A>G,,-1,-1,-1,-1,-1,-1,1816
chr6,159727313,.,C,A,,,,True,A,synonymous_variant,LOW,SOD2,ENSG00000112096,transcript,ENST00000545162.5,protein_coding,1,45G>T,Ala15Ala,45,571,45,571,15,189,-1
chr7,256858,.,C,T,,,,True,T,intron_variant,MODIFIER,FAM20C,ENSG00000177706,transcript,ENST00000313766.5,protein_coding,7,1363+95C>T,,-1,-1,-1,-1,-1,-1,-1
chr7,5132592,.,G,A,,,,True,A,upstream_gene_variant,MODIFIER,ZNF890P,ENSG00000159904,transcript,ENST00000530367.5,transcribed_unprocessed_pseudogene,-1,-4797C>T,,-1,-1,-1,-1,-1,-1,4797
chr7,42025269,.,G,A,,,,True,A,stop_gained,HIGH,GLI3,ENSG00000106571,transcript,ENST00000395925.7,protein_coding,9,1351C>T,Gln451*,1436,8208,1351,4743,451,1580,-1
chr7,47413911,.,G,A,,,,True,A,intron_variant,MODIFIER,TNS3,ENSG00000136205,transcript,ENST00000311160.13,protein_coding,12,647+26C>T,,-1,-1,-1,-1,-1,-1,-1
chr7,47506946,.,TG,T,,,,True,T,splice_region_variant&intron_variant,LOW,TNS3,ENSG00000136205,transcript,ENST00000311160.13,protein_coding,2,-152-3delC,,-1,-1,-1,-1,-1,-1,-1
chr7,62378026,.,G,T,,,,True,T,intergenic_region,MODIFIER,RP11-715L17.1-RNU6-417P,ENSG00000233918-ENSG00000207443,intergenic_region,ENSG00000233918-ENSG00000207443,,-1,62378026G>T,,-1,-1,-1,-1,-1,-1,-1
chr7,63562737,.,TC,T,,,,True,T,downstream_gene_variant,MODIFIER,SLC29A4P2,ENSG00000214660,transcript,ENST00000504749.1,unprocessed_pseudogene,-1,*150delC,,-1,-1,-1,-1,-1,-1,150
chr7,64814904,.,TGC,T,,,,True,T,intron_variant,MODIFIER,ZNF138,ENSG00000197008,transcript,ENST00000437743.1,protein_coding,2,-15-12_-15-11delCG,,-1,-1,-1,-1,-1,-1,-1
chr7,69444268,.,T,A,,,,True,A,intergenic_region,MODIFIER,RP11-3P22.2-Y_RNA,ENSG00000225718-ENSG00000200857,intergenic_region,ENSG00000225718-ENSG00000200857,,-1,69444268T>A,,-1,-1,-1,-1,-1,-1,-1
chr7,88075484,.,G,GAGAA,,,,True,GAGAA,intron_variant,MODIFIER,ADAM22,ENSG00000008277,transcript,ENST00000265727.11,protein_coding,3,324-139_324-138insAAGA,,-1,-1,-1,-1,-1,-1,-1
chr7,90300035,.,C,T,,,,True,T,missense_variant,MODERATE,CFAP69,ENSG00000105792,transcript,ENST00000389297.8,protein_coding,17,2026C>T,Arg676Cys,2277,3902,2026,2826,676,941,-1
chr7,98385736,.,TG,T,,,,True,T,downstream_gene_variant,MODIFIER,RPS3AP26,ENSG00000214389,transcript,ENST00000398259.2,processed_pseudogene,-1,*64delC,,-1,-1,-1,-1,-1,-1,64
chr7,120275747,.,G,T,,,,True,T,missense_variant&splice_region_variant,MODERATE,KCND2,ENSG00000184408,transcript,ENST00000331113.8,protein_coding,1,1115G>T,Gly372Val,2080,5331,1115,1893,372,630,-1
chr7,130397574,.,G,A,,,,True,A,3_prime_UTR_variant,MODIFIER,CEP41,ENSG00000106477,transcript,ENST00000223208.9,protein_coding,11,*1317C>T,,-1,-1,-1,-1,-1,-1,1317
chr7,141919247,.,G,A,,,,True,A,synonymous_variant,LOW,OR9A4,ENSG00000258083,transcript,ENST00000548136.1,protein_coding,1,372G>A,Val124Val,431,1093,372,945,124,314,-1
chr7,149848297,.,TG,T,,,,True,T,frameshift_variant,HIGH,ZNF862,ENSG00000106479,transcript,ENST00000223210.4,protein_coding,4,811delG,Asp271fs,1056,6950,811,3510,271,1169,-1
chr7,154795791,.,AAAAAAGAAAAG,A,,,,True,A,intron_variant,MODIFIER,DPP6,ENSG00000130226,transcript,ENST00000377770.7,protein_coding,11,1261-49_1261-39delAGAAAAGAAAA,,-1,-1,-1,-1,-1,-1,-1
chr7,154889432,.,CTTTT,C,CTTT,CTTTTT,,True,C,splice_region_variant&intron_variant,LOW,DPP6,ENSG00000130226,transcript,ENST00000377770.7,protein_coding,24,2378-10_2378-7delTTTT,,-1,-1,-1,-1,-1,-1,-1
chr8,7092297,.,T,C,,,,True,C,intergenic_region,MODIFIER,AF238378.7-AF228730.8,ENSG00000255273-ENSG00000234120,intergenic_region,ENSG00000255273-ENSG00000234120,,-1,7092297T>C,,-1,-1,-1,-1,-1,-1,-1
chr8,22161835,.,G,A,,,,True,A,missense_variant,MODERATE,SFTPC,ENSG00000168484,transcript,ENST00000318561.7,protein_coding,1,7G>A,Val3Met,181,997,7,594,3,197,-1
chr8,48730567,.,G,A,,,,True,A,stop_gained,HIGH,EFCAB1,ENSG00000034239,transcript,ENST00000262103.7,protein_coding,3,292C>T,Arg98*,373,2051,292,636,98,211,-1
chr8,50438540,.,C,A,,,,True,A,splice_region_variant&intron_variant,LOW,SNTG1,ENSG00000147481,transcript,ENST00000518864.5,protein_coding,5,163-3C>A,,-1,-1,-1,-1,-1,-1,-1
chr8,51372098,.,A,AC,,,,True,AC,intron_variant,MODIFIER,PXDNL,ENSG00000147485,transcript,ENST00000356297.4,protein_coding,18,3693-18_3693-17insG,,-1,-1,-1,-1,-1,-1,-1
chr8,52630530,.,TAA,T,,,,True,T,splice_region_variant&intron_variant,LOW,RB1CC1,ENSG00000023287,transcript,ENST00000025008.9,protein_coding,20,4441-4_4441-3delTT,,-1,-1,-1,-1,-1,-1,-1
chr8,68776451,.,T,G,,,,True,G,splice_donor_variant&intron_variant,HIGH,C8orf34,ENSG00000165084,transcript,ENST00000337103.8,protein_coding,10,1122+2T>G,,-1,-1,-1,-1,-1,-1,-1
chr8,68790904,.,C,A,,,,True,A,downstream_gene_variant,MODIFIER,C8orf34,ENSG00000165084,transcript,ENST00000518515.1,processed_transcript,-1,*3291C>A,,-1,-1,-1,-1,-1,-1,3291
chr8,82751604,.,T,C,,,,True,C,intergenic_region,MODIFIER,RP11-653B10.1-RP11-731N10.1,ENSG00000253503-ENSG00000253836,intergenic_region,ENSG00000253503-ENSG00000253836,,-1,82751604T>C,,-1,-1,-1,-1,-1,-1,-1
chr8,87873457,.,C,T,,,,True,T,missense_variant,MODERATE,DCAF4L2,ENSG00000176566,transcript,ENST00000319675.4,protein_coding,1,515G>A,Arg172His,612,3326,515,1188,172,395,-1
chr8,97805330,.,T,TTG,,,,True,TTG,intron_variant,MODIFIER,LAPTM4B,ENSG00000104341,transcript,ENST00000445593.6,protein_coding,1,373-22_373-21insGT,,-1,-1,-1,-1,-1,-1,-1
chr8,124143171,.,G,A,,,,True,A,intron_variant,MODIFIER,FER1L6-AS2,ENSG00000253868,transcript,ENST00000520031.1,antisense,1,95+28257C>T,,-1,-1,-1,-1,-1,-1,-1
chr8,134637627,.,G,A,,,,True,A,synonymous_variant,LOW,ZFAT,ENSG00000066827,transcript,ENST00000377838.7,protein_coding,3,282C>T,Ile94Ile,457,4597,282,3732,94,1243,-1
chr9,4567890,.,A,G,,,,True,G,upstream_gene_variant,MODIFIER,SLC1A1,ENSG00000106688,transcript,ENST00000422398.1,protein_coding,-1,-4446A>G,,-1,-1,-1,-1,-1,-1,4445
chr9,5164043,.,C,T,,,,True,T,missense_variant,MODERATE,INSL6,ENSG00000120210,transcript,ENST00000381641.3,protein_coding,2,512G>A,Arg171His,578,758,512,642,171,213,-1
chr9,27048251,.,G,T,,,,True,T,missense_variant,MODERATE,IFT74,ENSG00000096872,transcript,ENST00000380062.9,protein_coding,16,1310G>T,Ser437Ile,1473,2160,1310,1803,437,600,-1
chr9,72805515,.,G,C,,,,True,C,splice_region_variant&intron_variant,LOW,TMC1,ENSG00000165091,transcript,ENST00000297784.9,protein_coding,18,1695+5G>C,,-1,-1,-1,-1,-1,-1,-1
chr9,121790554,.,C,G,,,,True,G,intergenic_region,MODIFIER,DAB2IP-RP11-244O19.1,ENSG00000136848-ENSG00000261534,intergenic_region,ENSG00000136848-ENSG00000261534,,-1,121790554C>G,,-1,-1,-1,-1,-1,-1,-1
chr9,121790561,.,C,T,,,,True,T,intergenic_region,MODIFIER,DAB2IP-RP11-244O19.1,ENSG00000136848-ENSG00000261534,intergenic_region,ENSG00000136848-ENSG00000261534,,-1,121790561C>T,,-1,-1,-1,-1,-1,-1,-1
chr9,124013943,.,G,A,,,,True,A,upstream_gene_variant,MODIFIER,RP11-85O21.2,ENSG00000236668,transcript,ENST00000453529.2,antisense,-1,-4547C>T,,-1,-1,-1,-1,-1,-1,4547
chr9,137145687,.,C,T,,,,True,T,intron_variant,MODIFIER,GRIN1,ENSG00000176884,transcript,ENST00000371561.7,protein_coding,2,394-39C>T,,-1,-1,-1,-1,-1,-1,-1
chr10,3108775,.,G,A,,,,True,A,structural_interaction_variant,HIGH,PFKP,ENSG00000067057,interaction,4U1R:A_188-A_315:ENST00000381125,protein_coding,9,945G>A,,-1,-1,-1,-1,-1,-1,-1
chr10,5102407,.,T,C,,,,True,C,sequence_feature,LOW,AKR1C3,ENSG00000196139,miscellaneous-site:Involved_in_ligand_recognition_and_product_release,ENST00000380554,protein_coding,6,681-78T>C,,-1,-1,-1,-1,-1,-1,-1
chr10,5102465,.,C,G,,,,True,G,sequence_feature,LOW,AKR1C3,ENSG00000196139,miscellaneous-site:Involved_in_ligand_recognition_and_product_release,ENST00000380554,protein_coding,6,681-20C>G,,-1,-1,-1,-1,-1,-1,-1
chr10,15008455,.,A,T,,,,True,T,non_coding_transcript_exon_variant,MODIFIER,OR7E115P,ENSG00000182531,transcript,ENST00000382617.4,unprocessed_pseudogene,1,430T>A,,-1,-1,-1,-1,-1,-1,-1
chr10,15284046,.,G,T,,,,True,T,missense_variant,MODERATE,FAM171A1,ENSG00000148468,transcript,ENST00000378116.8,protein_coding,2,157C>A,Leu53Ile,164,3952,157,2673,53,890,-1
chr10,26839651,.,TAA,T,,,,True,T,intron_variant,MODIFIER,ABI1,ENSG00000136754,transcript,ENST00000376142.6,protein_coding,1,118-16348_118-16347delTT,,-1,-1,-1,-1,-1,-1,-1
chr10,32845312,.,T,C,,,,True,C,missense_variant,MODERATE,AL356053.1,ENSG00000150076,transcript,ENST00000375028.7,protein_coding,11,1079T>C,Leu360Pro,1079,1975,1079,1815,360,604,-1
chr10,38942942,.,G,A,,,,True,A,intergenic_region,MODIFIER,RP11-96F8.1-KSR1P1,ENSG00000233832-ENSG00000229485,intergenic_region,ENSG00000233832-ENSG00000229485,,-1,38942942G>A,,-1,-1,-1,-1,-1,-1,-1
chr10,47567881,.,T,C,,,,True,C,downstream_gene_variant,MODIFIER,DUSP8P4,ENSG00000215065,transcript,ENST00000399538.2,processed_pseudogene,-1,*1865T>C,,-1,-1,-1,-1,-1,-1,1865
chr10,50343970,.,AG,A,,,,True,A,frameshift_variant,HIGH,SGMS1,ENSG00000198964,transcript,ENST00000361781.6,protein_coding,7,144delC,Leu49fs,1104,3744,144,1242,48,413,-1
chr10,68982661,.,T,G,,,,True,G,missense_variant,MODERATE,DDX21,ENSG00000165732,transcript,ENST00000354185.8,protein_coding,15,2201T>G,Phe734Cys,2299,4711,2201,2352,734,783,-1
chr10,79507337,.,G,A,,,,True,A,upstream_gene_variant,MODIFIER,RP11-342M3.1,ENSG00000241317,transcript,ENST00000456546.1,lincRNA,-1,-1056C>T,,-1,-1,-1,-1,-1,-1,1056
chr10,80233733,.,C,T,,,,True,T,non_coding_transcript_exon_variant,MODIFIER,RP11-40F6.1,ENSG00000234382,transcript,ENST00000423182.2,unprocessed_pseudogene,1,70C>T,,-1,-1,-1,-1,-1,-1,-1
chr10,92024739,.,T,TG,,,,True,TG,intron_variant,MODIFIER,BTAF1,ENSG00000095564,transcript,ENST00000265990.10,protein_coding,34,4864-17_4864-16insG,,-1,-1,-1,-1,-1,-1,-1
chr10,97578572,.,G,A,,,,True,A,synonymous_variant,LOW,ANKRD2,ENSG00000165887,transcript,ENST00000307518.9,protein_coding,4,504G>A,Leu168Leu,713,1449,504,1083,168,360,-1
chr10,102141321,.,C,T,,,,True,T,missense_variant,MODERATE,PPRC1,ENSG00000148840,transcript,ENST00000278070.6,protein_coding,5,2813C>T,Pro938Leu,2852,5330,2813,4995,938,1664,-1
chr10,114601889,.,C,T,,,,True,T,missense_variant,MODERATE,ABLIM1,ENSG00000099204,transcript,ENST00000277895.9,protein_coding,2,317G>A,Cys106Tyr,415,2657,317,2337,106,778,-1
chr10,130107948,.,C,G,,,,True,G,upstream_gene_variant,MODIFIER,RP11-500G10.5,ENSG00000277218,transcript,ENST00000612008.1,sense_intronic,-1,-2950G>C,,-1,-1,-1,-1,-1,-1,2950
chr11,3391704,.,G,A,,,,True,A,intron_variant,MODIFIER,TSSC2,ENSG00000223756,transcript,ENST00000526284.5,processed_transcript,3,271-5413G>A,,-1,-1,-1,-1,-1,-1,-1
chr11,13723413,.,C,T,,,,True,T,intron_variant,MODIFIER,FAR1,ENSG00000197601,transcript,ENST00000354817.7,protein_coding,10,1257+1554C>T,,-1,-1,-1,-1,-1,-1,-1
chr11,19241823,.,CTTT,C,,,,True,C,upstream_gene_variant,MODIFIER,E2F8,ENSG00000129173,transcript,ENST00000250024.8,protein_coding,-1,-1705_-1703delAAA,,-1,-1,-1,-1,-1,-1,873
chr11,27660334,.,T,C,,,,True,C,upstream_gene_variant,MODIFIER,BDNF,ENSG00000176697,transcript,ENST00000439476.6,protein_coding,-1,-1770A>G,,-1,-1,-1,-1,-1,-1,676
chr11,45246493,.,C,T,,,,True,T,missense_variant,MODERATE,SYT13,ENSG00000019505,transcript,ENST00000020926.7,protein_coding,5,866G>A,Gly289Glu,978,5144,866,1281,289,426,-1
chr11,55344182,.,C,T,,,,True,T,missense_variant,MODERATE,OR4A16,ENSG00000181961,transcript,ENST00000314721.3,protein_coding,1,982C>T,Arg328Trp,982,987,982,987,328,328,-1
chr11,55879569,.,G,A,,,,True,A,upstream_gene_variant,MODIFIER,TRIM51,ENSG00000124900,transcript,ENST00000449290.6,protein_coding,-1,-5860G>A,,-1,-1,-1,-1,-1,-1,3728
chr11,64152353,.,A,C,,,,True,C,missense_variant,MODERATE,MACROD1,ENSG00000133315,transcript,ENST00000255681.6,protein_coding,2,339T>G,His113Gln,406,1205,339,978,113,325,-1
chr11,65504308,.,CTT,C,,,,True,C,splice_region_variant&intron_variant,LOW,MALAT1,ENSG00000251562,transcript,ENST00000620465.4,lincRNA,2,196-6_196-5delTT,,-1,-1,-1,-1,-1,-1,-1
chr11,65572361,.,T,TGGGGGGGGGGGGGG,,,,True,TGGGGGGGGGGGGGG,5_prime_UTR_variant,MODIFIER,FAM89B,ENSG00000176973,transcript,ENST00000316409.2,protein_coding,1,-308_-307insGGGGGGGGGGGGGG,,-1,-1,-1,-1,-1,-1,307
chr11,74703341,.,C,T,,,,True,T,missense_variant,MODERATE,CHRDL2,ENSG00000054938,transcript,ENST00000263671.9,protein_coding,8,910G>A,Glu304Lys,1197,1712,910,1356,304,451,-1
chr11,82957446,.,G,A,,,,True,A,3_prime_UTR_variant,MODIFIER,DDIAS,ENSG00000165490,transcript,ENST00000525361.5,protein_coding,8,*7G>A,,-1,-1,-1,-1,-1,-1,7
chr11,89874190,.,C,T,,,,True,T,synonymous_variant,LOW,TRIM64B,ENSG00000189253,transcript,ENST00000329862.6,protein_coding,3,594G>A,Gln198Gln,594,2689,594,1350,198,449,-1
chr11,100949923,.,A,T,,,,True,T,missense_variant,MODERATE,ARHGAP42,ENSG00000165895,transcript,ENST00000298815.12,protein_coding,12,1129A>T,Thr377Ser,1132,4752,1129,2625,377,874,-1
chr11,115214628,.,T,A,,,,True,A,missense_variant,MODERATE,CADM1,ENSG00000182985,transcript,ENST00000331581.10,protein_coding,7,974A>T,Asp325Val,1145,1766,974,1416,325,471,-1
chr11,119018133,.,A,C,,,,True,C,upstream_gene_variant,MODIFIER,TRAPPC4,ENSG00000196655,transcript,ENST00000533632.5,protein_coding,-1,-663A>C,,-1,-1,-1,-1,-1,-1,299
chr11,119312011,.,A,C,,,,True,C,upstream_gene_variant,MODIFIER,MCAM,ENSG00000076706,transcript,ENST00000524940.5,processed_transcript,-1,-893T>G,,-1,-1,-1,-1,-1,-1,893
chr12,197882,.,G,C,,,,True,C,downstream_gene_variant,MODIFIER,RP11-283I3.1,ENSG00000255671,transcript,ENST00000544067.1,antisense,-1,*3752G>C,,-1,-1,-1,-1,-1,-1,3752
chr12,197887,.,A,C,,,,True,C,downstream_gene_variant,MODIFIER,RP11-283I3.1,ENSG00000255671,transcript,ENST00000544067.1,antisense,-1,*3757A>C,,-1,-1,-1,-1,-1,-1,3757
chr12,8584784,.,AG,A,,,,True,A,intergenic_region,MODIFIER,RP11-561P12.5-Y_RNA,ENSG00000255801-ENSG00000238943,intergenic_region,ENSG00000255801-ENSG00000238943,,-1,8584785delG,,-1,-1,-1,-1,-1,-1,-1
chr12,25225713,.,T,A,,,,True,A,structural_interaction_variant,HIGH,KRAS,ENSG00000133703,interaction,3GFT:A_13-A_117:ENST00000256078,protein_coding,4,351A>T,,-1,-1,-1,-1,-1,-1,-1
chr12,42237577,.,G,C,,,,True,C,upstream_gene_variant,MODIFIER,YAF2,ENSG00000015153,transcript,ENST00000547622.5,processed_transcript,-1,-65C>G,,-1,-1,-1,-1,-1,-1,65
chr12,45893387,.,TTCTC,T,TTC,,,True,T,intron_variant,MODIFIER,ARID2,ENSG00000189079,transcript,ENST00000334344.10,protein_coding,18,5148-15_5148-12delCTCT,,-1,-1,-1,-1,-1,-1,-1
chr12,55413509,.,A,G,,,,True,G,non_coding_transcript_exon_variant,MODIFIER,PHC1P1,ENSG00000179899,transcript,ENST00000554937.1,processed_pseudogene,1,1279T>C,,-1,-1,-1,-1,-1,-1,-1
chr12,55723877,.,C,T,,,,True,T,3_prime_UTR_variant,MODIFIER,RP11-644F5.10,ENSG00000258311,transcript,ENST00000550412.5,protein_coding,4,*2171C>T,,-1,-1,-1,-1,-1,-1,2171
chr12,57748708,.,CTT,C,,,,True,C,3_prime_UTR_variant,MODIFIER,TSPAN31,ENSG00000135452,transcript,ENST00000547992.5,protein_coding,4,*1432_*1433delTT,,-1,-1,-1,-1,-1,-1,1432
chr12,79299526,.,A,T,,,,True,T,missense_variant,MODERATE,SYT1,ENSG00000067715,transcript,ENST00000261205.8,protein_coding,8,785A>T,Asp262Val,1442,4808,785,1269,262,422,-1
chr12,105038241,.,ATCTC,A,,,,True,A,intron_variant,MODIFIER,ALDH1L2,ENSG00000136010,transcript,ENST00000258494.13,protein_coding,17,2046-43_2046-40delGAGA,,-1,-1,-1,-1,-1,-1,-1
chr12,106901387,.,C,A,,,,True,A,non_coding_transcript_exon_variant,MODIFIER,EEF1B2P4,ENSG00000257119,transcript,ENST00000551398.1,processed_pseudogene,2,244G>T,,-1,-1,-1,-1,-1,-1,-1
chr12,108788072,.,C,T,,,,True,T,synonymous_variant,LOW,SSH1,ENSG00000084112,transcript,ENST00000326495.9,protein_coding,15,3066G>A,Pro1022Pro,3160,13040,3066,3150,1022,1049,-1
chr12,112455871,.,GTT,G,,,,True,G,intron_variant,MODIFIER,PTPN11,ENSG00000179295,transcript,ENST00000392597.5,protein_coding,5,643-63_643-62delTT,,-1,-1,-1,-1,-1,-1,-1
chr13,24442624,.,G,A,,,,True,A,missense_variant,MODERATE,PARP4,ENSG00000102699,transcript,ENST00000381989.3,protein_coding,29,3509C>T,Thr1170Ile,3615,5474,3509,5175,1170,1724,-1
chr13,24961756,.,T,C,,,,True,C,intron_variant,MODIFIER,TPTE2P1,ENSG00000253771,transcript,ENST00000429698.1,processed_transcript,1,282+6450A>G,,-1,-1,-1,-1,-1,-1,-1
chr13,36879162,.,T,TC,,,,True,TC,downstream_gene_variant,MODIFIER,SMAD9,ENSG00000120693,transcript,ENST00000483941.1,processed_transcript,-1,*299_*300insG,,-1,-1,-1,-1,-1,-1,299
chr13,36879164,.,C,CT,,,,True,CT,downstream_gene_variant,MODIFIER,SMAD9,ENSG00000120693,transcript,ENST00000483941.1,processed_transcript,-1,*297dupA,,-1,-1,-1,-1,-1,-1,297
chr13,39659406,.,GA,G,,,,True,G,frameshift_variant,HIGH,COG6,ENSG00000133103,transcript,ENST00000455146.7,protein_coding,2,200delA,Asn67fs,250,3563,200,1974,67,657,-1
chr13,77217964,.,TAA,T,,,,True,T,splice_region_variant&intron_variant,LOW,MYCBP2,ENSG00000005810,transcript,ENST00000357337.10,protein_coding,21,2826-9_2826-8delTT,,-1,-1,-1,-1,-1,-1,-1
chr13,91067320,.,G,A,,,,True,A,intergenic_region,MODIFIER,BRK1P2-LINC00380,ENSG00000227983-ENSG00000234625,intergenic_region,ENSG00000227983-ENSG00000234625,,-1,91067320G>A,,-1,-1,-1,-1,-1,-1,-1
chr14,23364965,.,TGGA,T,,,,True,T,intron_variant,MODIFIER,EFS,ENSG00000100842,transcript,ENST00000216733.7,protein_coding,1,18+40_18+42delTCC,,-1,-1,-1,-1,-1,-1,-1
chr14,77422838,.,C,G,,,,True,G,missense_variant,MODERATE,NOXRED1,ENSG00000165555,transcript,ENST00000380835.6,protein_coding,1,52G>C,Glu18Gln,219,1857,52,1080,18,359,-1
chr14,96304615,.,CAA,C,,,,True,C,intron_variant,MODIFIER,ATG2B,ENSG00000066739,transcript,ENST00000261834.9,processed_transcript,4,720-14_720-13delTT,,-1,-1,-1,-1,-1,-1,-1
chr15,20662884,.,A,T,,,,True,T,downstream_gene_variant,MODIFIER,NBEAP1,ENSG00000258590,transcript,ENST00000556948.1,retained_intron,-1,*1841T>A,,-1,-1,-1,-1,-1,-1,1841
chr15,20662901,.,T,C,,,,True,C,downstream_gene_variant,MODIFIER,NBEAP1,ENSG00000258590,transcript,ENST00000556948.1,retained_intron,-1,*1824A>G,,-1,-1,-1,-1,-1,-1,1824
chr15,40573537,.,A,T,,,,True,T,missense_variant,MODERATE,RPUSD2,ENSG00000166133,transcript,ENST00000315616.11,protein_coding,3,914A>T,Glu305Val,952,2358,914,1638,305,545,-1
chr15,75727526,.,G,A,,,,True,A,missense_variant,MODERATE,ODF3L1,ENSG00000182950,transcript,ENST00000332145.2,protein_coding,4,811G>A,Asp271Asn,1034,1196,811,825,271,274,-1
chr15,78729122,.,G,A,,,,True,A,upstream_gene_variant,MODIFIER,CHRNB4,ENSG00000117971,transcript,ENST00000558216.1,processed_transcript,-1,-1368C>T,,-1,-1,-1,-1,-1,-1,1368
chr16,1211119,.,G,A,,,,True,A,upstream_gene_variant,MODIFIER,RP11-616M22.3,ENSG00000261294,transcript,ENST00000564700.1,antisense,-1,-3995C>T,,-1,-1,-1,-1,-1,-1,3995
chr16,1241159,.,G,T,,,,True,T,missense_variant,MODERATE,TPSAB1,ENSG00000172236,transcript,ENST00000461509.6,protein_coding,2,89G>T,Gly30Val,283,1357,89,849,30,282,-1
chr16,1257049,.,C,T,,,,True,T,synonymous_variant,LOW,TPSD1,ENSG00000095917,transcript,ENST00000211076.4,protein_coding,3,507C>T,Asp169Asp,655,1499,507,729,169,242,-1
chr16,1257059,.,A,G,,,,True,G,missense_variant,MODERATE,TPSD1,ENSG00000095917,transcript,ENST00000211076.4,protein_coding,3,517A>G,Asn173Asp,665,1499,517,729,173,242,-1
chr16,21806136,.,G,A,,,,True,A,downstream_gene_variant,MODIFIER,RRN3P1,ENSG00000248124,transcript,ENST00000551681.1,processed_transcript,-1,*4291C>T,,-1,-1,-1,-1,-1,-1,4291
chr16,23378880,.,G,C,,,,True,C,intron_variant,MODIFIER,SCNN1B,ENSG00000168447,transcript,ENST00000343070.6,protein_coding,11,1466+113G>C,,-1,-1,-1,-1,-1,-1,-1
chr16,23445969,.,TAAA,T,TA,,,True,T,downstream_gene_variant,MODIFIER,SNORA75,ENSG00000212593,transcript,ENST00000391291.1,snoRNA,-1,*4049_*4051delAAA,,-1,-1,-1,-1,-1,-1,4049
chr16,28595620,.,T,C,,,,True,C,synonymous_variant,LOW,SULT1A2,ENSG00000197165,transcript,ENST00000335715.8,protein_coding,3,204A>G,Glu68Glu,321,1090,204,888,68,295,-1
chr16,28595632,.,G,A,,,,True,A,synonymous_variant,LOW,SULT1A2,ENSG00000197165,transcript,ENST00000335715.8,protein_coding,3,192C>T,Gly64Gly,309,1090,192,888,64,295,-1
chr16,29139468,.,T,C,,,,True,C,upstream_gene_variant,MODIFIER,RP11-426C22.5,ENSG00000260517,transcript,ENST00000563477.1,lincRNA,-1,-193T>C,,-1,-1,-1,-1,-1,-1,193
chr16,46394489,.,A,G,,,,True,G,intergenic_region,MODIFIER,PPP1R1AP2-ANKRD26P1,ENSG00000261084-ENSG00000261239,intergenic_region,ENSG00000261084-ENSG00000261239,,-1,46394489A>G,,-1,-1,-1,-1,-1,-1,-1
chr16,46971661,.,TAA,T,,,,True,T,splice_region_variant&intron_variant,LOW,DNAJA2,ENSG00000069345,transcript,ENST00000563158.1,nonsense_mediated_decay,2,139-4_139-3delTT,,-1,-1,-1,-1,-1,-1,-1
chr16,51141380,.,G,T,,,,True,T,missense_variant,MODERATE,SALL1,ENSG00000103449,transcript,ENST00000251020.8,protein_coding,2,842C>A,Pro281His,876,5146,842,3975,281,1324,-1
chr16,57127927,.,C,T,,,,True,T,upstream_gene_variant,MODIFIER,CPNE2,ENSG00000140848,transcript,ENST00000566910.1,processed_transcript,-1,-1125C>T,,-1,-1,-1,-1,-1,-1,1125
chr16,88742194,.,C,T,,,,True,T,upstream_gene_variant,MODIFIER,RP5-1142A6.8,ENSG00000182376,transcript,ENST00000333666.1,antisense,-1,-573C>T,,-1,-1,-1,-1,-1,-1,573
chr16,88951306,.,C,A,,,,True,A,sequence_feature,LOW,CBFA2T3,ENSG00000129993,miscellaneous-site:Breakpoint_for_translocation_to_form_type-1_RUNX1-CBFA2T3_fusion_protein,ENST00000268679,protein_coding,1,151+25351G>T,,-1,-1,-1,-1,-1,-1,-1
chr17,2667333,.,CAA,C,,,,True,C,upstream_gene_variant,MODIFIER,PAFAH1B1,ENSG00000007168,transcript,ENST00000574468.1,protein_coding,-1,-2934_-2933delAA,,-1,-1,-1,-1,-1,-1,2934
chr17,5431484,.,TAA,T,,,,True,T,downstream_gene_variant,MODIFIER,C1QBP,ENSG00000108561,transcript,ENST00000225698.8,protein_coding,-1,*1529_*1530delTT,,-1,-1,-1,-1,-1,-1,1292
chr17,7675113,.,G,A,,,,True,A,stop_gained,HIGH,TP53,ENSG00000141510,transcript,ENST00000413465.6,protein_coding,4,499C>T,Gln167*,499,1018,499,858,167,285,-1
chr17,11902949,.,T,C,,,,True,C,intron_variant,MODIFIER,DNAH9,ENSG00000007174,transcript,ENST00000262442.8,protein_coding,60,11600+37T>C,,-1,-1,-1,-1,-1,-1,-1
chr17,28723906,.,AATAT,A,,,,True,A,3_prime_UTR_variant,MODIFIER,RPL23A,ENSG00000198242,transcript,ENST00000422514.6,protein_coding,5,*40_*43delATAT,,-1,-1,-1,-1,-1,-1,40
chr17,50673491,.,G,A,,,,True,A,missense_variant,MODERATE,ABCC3,ENSG00000108846,transcript,ENST00000285238.12,protein_coding,19,2432G>A,Gly811Asp,2512,5716,2432,4584,811,1527,-1
chr17,76933373,.,C,G,,,,True,G,intron_variant,MODIFIER,MGAT5B,ENSG00000167889,transcript,ENST00000428789.6,protein_coding,10,1455+598C>G,,-1,-1,-1,-1,-1,-1,-1
chr18,8824897,.,G,A,,,,True,A,synonymous_variant,LOW,MTCL1,ENSG00000168502,transcript,ENST00000517570.5,protein_coding,13,3264G>A,Pro1088Pro,3446,6009,3264,4638,1088,1545,-1
chr18,9102923,.,G,A,,,,True,A,3_prime_UTR_variant,MODIFIER,NDUFV2,ENSG00000178127,transcript,ENST00000577703.1,nonsense_mediated_decay,1,*60G>A,,-1,-1,-1,-1,-1,-1,60
chr18,12190350,.,G,A,,,,True,A,downstream_gene_variant,MODIFIER,RP11-64C12.7,ENSG00000267116,transcript,ENST00000586747.1,processed_pseudogene,-1,*1853C>T,,-1,-1,-1,-1,-1,-1,1853
chr18,51067036,.,G,T,,,,True,T,structural_interaction_variant,HIGH,SMAD4,ENSG00000141646,interaction,1G88:A_350-A_386:ENST00000342988,protein_coding,10,1157G>T,,-1,-1,-1,-1,-1,-1,-1
chr18,60150262,.,T,G,,,,True,G,intron_variant,MODIFIER,RP11-795H16.3,ENSG00000267686,transcript,ENST00000588794.1,lincRNA,2,347-10709T>G,,-1,-1,-1,-1,-1,-1,-1
chr18,62556385,.,T,C,,,,True,C,upstream_gene_variant,MODIFIER,ZCCHC2,ENSG00000141664,transcript,ENST00000585949.1,retained_intron,-1,-3968T>C,,-1,-1,-1,-1,-1,-1,3968
chr19,2389843,.,G,A,,,,True,A,missense_variant,MODERATE,TMPRSS9,ENSG00000178297,transcript,ENST00000332578.7,protein_coding,1,58G>A,Ala20Thr,58,3331,58,3180,20,1059,-1
chr19,3913720,.,T,G,,,,True,G,intron_variant,MODIFIER,ATCAY,ENSG00000167654,transcript,ENST00000450849.6,protein_coding,8,867-38T>G,,-1,-1,-1,-1,-1,-1,-1
chr19,5664032,.,G,A,,,,True,A,missense_variant,MODERATE,SAFB,ENSG00000160633,transcript,ENST00000588852.1,protein_coding,16,2164G>A,Ala722Thr,2217,2842,2164,2754,722,917,-1
chr19,8947599,.,G,T,,,,True,T,missense_variant,MODERATE,MUC16,ENSG00000181143,transcript,ENST00000397910.8,protein_coding,3,29171C>A,Thr9724Asn,29375,43816,29171,43524,9724,14507,-1
chr19,13149442,.,G,A,,,,True,A,upstream_gene_variant,MODIFIER,IER2,ENSG00000160888,transcript,ENST00000292433.3,protein_coding,-1,-3745G>A,,-1,-1,-1,-1,-1,-1,991
chr19,15439126,.,TC,T,,,,True,T,upstream_gene_variant,MODIFIER,WIZ,ENSG00000011451,transcript,ENST00000595214.2,retained_intron,-1,-200delG,,-1,-1,-1,-1,-1,-1,200
chr19,15439129,.,TCC,T,,,,True,T,upstream_gene_variant,MODIFIER,WIZ,ENSG00000011451,transcript,ENST00000595214.2,retained_intron,-1,-204_-203delGG,,-1,-1,-1,-1,-1,-1,203
chr19,17333221,.,G,A,,,,True,A,synonymous_variant,LOW,ANO8,ENSG00000074855,transcript,ENST00000159087.6,protein_coding,4,369C>T,Asp123Asp,528,4152,369,3699,123,1232,-1
chr19,17500695,.,C,A,,,,True,A,downstream_gene_variant,MODIFIER,SLC27A1,ENSG00000130304,transcript,ENST00000600277.5,nonsense_mediated_decay,-1,*13625C>A,,-1,-1,-1,-1,-1,-1,3381
chr19,23923429,.,TGA,T,,,,True,T,frameshift_variant&splice_acceptor_variant&splice_region_variant&intron_variant,HIGH,ZNF726,ENSG00000213967,transcript,ENST00000525354.6,protein_coding,4,227-1_227delGA,Asp76fs,-1,-1,227,270,76,89,-1
chr19,23923440,.,CT,GA,,,,True,GA,missense_variant,MODERATE,ZNF726,ENSG00000213967,transcript,ENST00000525354.6,protein_coding,4,234_235delCTinsGA,Ser79Thr,353,806,234,270,78,89,-1
chr19,40777115,.,G,C,,,,True,C,upstream_gene_variant,MODIFIER,RAB4B,ENSG00000167578,transcript,ENST00000357052.7,protein_coding,-1,-1261G>C,,-1,-1,-1,-1,-1,-1,1151
chr19,53153440,.,T,A,,,,True,A,upstream_gene_variant,MODIFIER,ZNF347,ENSG00000197937,transcript,ENST00000595967.1,protein_coding,-1,-4166A>T,,-1,-1,-1,-1,-1,-1,3905
chr19,56373236,.,T,C,,,,True,C,upstream_gene_variant,MODIFIER,ZSCAN5A,ENSG00000131848,transcript,ENST00000587340.5,protein_coding,-1,-148190A>G,,-1,-1,-1,-1,-1,-1,4853
chr19,57291316,.,AGGAC,A,,,,True,A,frameshift_variant,HIGH,ZNF460,ENSG00000197714,transcript,ENST00000360338.3,protein_coding,3,776_779delGGAC,Arg259fs,1098,3350,776,1689,259,562,-1
chr20,20169435,.,G,A,,,,True,A,missense_variant,MODERATE,CFAP61,ENSG00000089101,transcript,ENST00000245957.9,protein_coding,13,1360G>A,Val454Ile,1436,4082,1360,3714,454,1237,-1
chr20,29318887,.,G,A,,,,True,A,downstream_gene_variant,MODIFIER,PCMTD1P7,ENSG00000282949,transcript,ENST00000634506.1,unprocessed_pseudogene,-1,*2423C>T,,-1,-1,-1,-1,-1,-1,2423
chr20,29641742,.,T,C,,,,True,C,upstream_gene_variant,MODIFIER,CFTRP2,ENSG00000282921,transcript,ENST00000634304.1,processed_pseudogene,-1,-36T>C,,-1,-1,-1,-1,-1,-1,36
chr20,32795426,.,C,T,,,,True,T,missense_variant,MODERATE,DNMT3B,ENSG00000088305,transcript,ENST00000328111.6,protein_coding,11,1144C>T,Arg382Cys,1465,4336,1144,2562,382,853,-1
chr20,32800828,.,CTT,C,,,,True,C,splice_region_variant&intron_variant,LOW,DNMT3B,ENSG00000088305,transcript,ENST00000328111.6,protein_coding,17,1906-5_1906-4delTT,,-1,-1,-1,-1,-1,-1,-1
chr20,35716694,.,TA,T,,,,True,T,upstream_gene_variant,MODIFIER,RBM39,ENSG00000131051,transcript,ENST00000495293.5,retained_intron,-1,-3492delT,,-1,-1,-1,-1,-1,-1,3492
chr20,62861290,.,C,T,,,,True,T,synonymous_variant,LOW,TCFL5,ENSG00000101190,transcript,ENST00000335351.7,protein_coding,1,381G>A,Gln127Gln,474,2456,381,1503,127,500,-1
chr21,9820804,.,G,A,,,,True,A,intergenic_region,MODIFIER,MGC39584-RN7SL52P,ENSG00000280081-ENSG00000264002,intergenic_region,ENSG00000280081-ENSG00000264002,,-1,9820804G>A,,-1,-1,-1,-1,-1,-1,-1
chr21,9820811,.,A,G,,,,True,G,intergenic_region,MODIFIER,MGC39584-RN7SL52P,ENSG00000280081-ENSG00000264002,intergenic_region,ENSG00000280081-ENSG00000264002,,-1,9820811A>G,,-1,-1,-1,-1,-1,-1,-1
chr21,10271950,.,TC,T,,,,True,T,intergenic_region,MODIFIER,CH507-216K13.1-AP003900.6,ENSG00000279062-ENSG00000277693,intergenic_region,ENSG00000279062-ENSG00000277693,,-1,10271951delC,,-1,-1,-1,-1,-1,-1,-1
chr21,44935918,.,A,G,,,,True,G,upstream_gene_variant,MODIFIER,FAM207A,ENSG00000160256,transcript,ENST00000291634.10,protein_coding,-1,-4140A>G,,-1,-1,-1,-1,-1,-1,4092
chr21,45997722,.,C,G,,,,True,G,missense_variant,MODERATE,COL6A1,ENSG00000142156,transcript,ENST00000361866.7,protein_coding,22,1484C>G,Pro495Arg,1598,4238,1484,3087,495,1028,-1
chr22,25843855,.,C,T,,,,True,T,missense_variant,MODERATE,MYO18B,ENSG00000133454,transcript,ENST00000407587.6,protein_coding,18,3332C>T,Ser1111Leu,3501,8090,3332,7707,1111,2568,-1
chr22,32270100,.,C,T,,,,True,T,upstream_gene_variant,MODIFIER,RP1-90G24.6,ENSG00000224050,transcript,ENST00000452181.1,lincRNA,-1,-3320C>T,,-1,-1,-1,-1,-1,-1,3320
chr22,37098372,.,C,G,,,,True,G,intron_variant,MODIFIER,TMPRSS6,ENSG00000187045,transcript,ENST00000346753.7,protein_coding,3,363+44G>C,,-1,-1,-1,-1,-1,-1,-1
chr22,42597780,.,CTTT,C,,,,True,C,downstream_gene_variant,MODIFIER,POLDIP3,ENSG00000100227,transcript,ENST00000463133.1,processed_transcript,-1,*4985_*4987delAAA,,-1,-1,-1,-1,-1,-1,4987
chr22,49774217,.,G,A,,,,True,A,3_prime_UTR_variant,MODIFIER,BRD1,ENSG00000100425,transcript,ENST00000438393.5,nonsense_mediated_decay,12,*587C>T,,-1,-1,-1,-1,-1,-1,2939
chrX,8170243,.,G,C,,,,True,C,missense_variant,MODERATE,VCX2,ENSG00000177504,transcript,ENST00000317103.5,protein_coding,3,209C>G,Ala70Gly,516,815,209,420,70,139,-1
chrX,17692233,.,CTT,C,CT,,,True,C,intron_variant,MODIFIER,NHS,ENSG00000188158,transcript,ENST00000380060.7,protein_coding,2,719-89_719-88delTT,,-1,-1,-1,-1,-1,-1,-1
chrX,83861136,.,G,T,,,,True,T,5_prime_UTR_variant,MODIFIER,CYLC1,ENSG00000183035,transcript,ENST00000621735.4,protein_coding,1,-47G>T,,-1,-1,-1,-1,-1,-1,47
chrX,136169886,.,T,A,,,,True,A,5_prime_UTR_variant,MODIFIER,FHL1,ENSG00000022267,transcript,ENST00000543669.5,protein_coding,1,-121T>A,,-1,-1,-1,-1,-1,-1,36547
chrX,153959555,.,A,G,,,,True,G,downstream_gene_variant,MODIFIER,HCFC1,ENSG00000172534,transcript,ENST00000461098.1,processed_transcript,-1,*454T>C,,-1,-1,-1,-1,-1,-1,454
chr14_KI270722v1_random,133802,.,G,C,,,,True,C,,MODIFIER,,,,,,-1,,,-1,-1,-1,-1,-1,-1,-1
chr14_KI270724v1_random,31466,.,G,A,,,,True,A,,MODIFIER,,,,,,-1,,,-1,-1,-1,-1,-1,-1,-1
chr3_KI270780v1_alt,106625,.,A,G,,,,True,G,,MODIFIER,,,,,,-1,,,-1,-1,-1,-1,-1,-1,-1
chr3_KI270780v1_alt,106641,.,C,T,,,,True,T,,MODIFIER,,,,,,-1,,,-1,-1,-1,-1,-1,-1,-1
chrUn_KN707626v1_decoy,3758,.,G,A,,,,True,A,,MODIFIER,,,,,,-1,,,-1,-1,-1,-1,-1,-1,-1
chrUn_KN707626v1_decoy,3766,.,G,A,,,,True,A,,MODIFIER,,,,,,-1,,,-1,-1,-1,-1,-1,-1,-1
chrUn_KN707874v1_decoy,893,.,G,A,,,,True,A,,MODIFIER,,,,,,-1,,,-1,-1,-1,-1,-1,-1,-1
chrUn_KN707874v1_decoy,900,.,G,C,,,,True,C,,MODIFIER,,,,,,-1,,,-1,-1,-1,-1,-1,-1,-1
chrUn_KN707971v1_decoy,6587,.,A,T,,,,True,T,,MODIFIER,,,,,,-1,,,-1,-1,-1,-1,-1,-1,-1
chrUn_KN707972v1_decoy,1982,.,G,A,,,,True,A,,MODIFIER,,,,,,-1,,,-1,-1,-1,-1,-1,-1,-1
chrUn_KN707972v1_decoy,1988,.,G,C,,,,True,C,,MODIFIER,,,,,,-1,,,-1,-1,-1,-1,-1,-1,-1
